{
  "countries": [
    {
      "id": "1",
      "name": "United States",
      "states": [
        {
          "id": "1-1",
          "name": "California",
          "cities": [
            {
              "id": "1-1-1",
              "name": "Los Angeles"
            },
            {
              "id": "1-1-2",
              "name": "San Francisco"
            },
            {
              "id": "1-1-3",
              "name": "San Diego"
            },
            {
              "id": "1-1-4",
              "name": "Sacramento"
            },
            {
              "id": "1-1-5",
              "name": "Fresno"
            },
            {
              "id": "1-1-6",
              "name": "San Jose"
            },
            {
              "id": "1-1-7",
              "name": "Long Beach"
            },
            {
              "id": "1-1-8",
              "name": "Oakland"
            },
            {
              "id": "1-1-9",
              "name": "Bakersfield"
            },
            {
              "id": "1-1-10",
              "name": "Anaheim"
            }
          ]
        },
        {
          "id": "1-2",
          "name": "Texas",
          "cities": [
            {
              "id": "1-2-1",
              "name": "Houston"
            },
            {
              "id": "1-2-2",
              "name": "Dallas"
            },
            {
              "id": "1-2-3",
              "name": "Austin"
            },
            {
              "id": "1-2-4",
              "name": "San Antonio"
            },
            {
              "id": "1-2-5",
              "name": "Fort Worth"
            },
            {
              "id": "1-2-6",
              "name": "El Paso"
            },
            {
              "id": "1-2-7",
              "name": "Arlington"
            },
            {
              "id": "1-2-8",
              "name": "Corpus Christi"
            },
            {
              "id": "1-2-9",
              "name": "Plano"
            },
            {
              "id": "1-2-10",
              "name": "Laredo"
            }
          ]
        },
        {
          "id": "1-3",
          "name": "New York",
          "cities": [
            {
              "id": "1-3-1",
              "name": "New York City"
            },
            {
              "id": "1-3-2",
              "name": "Buffalo"
            },
            {
              "id": "1-3-3",
              "name": "Rochester"
            },
            {
              "id": "1-3-4",
              "name": "Albany"
            },
            {
              "id": "1-3-5",
              "name": "Syracuse"
            },
            {
              "id": "1-3-6",
              "name": "Yonkers"
            },
            {
              "id": "1-3-7",
              "name": "Syracuse"
            },
            {
              "id": "1-3-8",
              "name": "Saratoga Springs"
            },
            {
              "id": "1-3-9",
              "name": "Ithaca"
            },
            {
              "id": "1-3-10",
              "name": "Binghamton"
            }
          ]
        },
        {
          "id": "1-4",
          "name": "Florida",
          "cities": [
            {
              "id": "1-4-1",
              "name": "Miami"
            },
            {
              "id": "1-4-2",
              "name": "Orlando"
            },
            {
              "id": "1-4-3",
              "name": "Tampa"
            },
            {
              "id": "1-4-4",
              "name": "Jacksonville"
            },
            {
              "id": "1-4-5",
              "name": "Tallahassee"
            },
            {
              "id": "1-4-6",
              "name": "St. Petersburg"
            },
            {
              "id": "1-4-7",
              "name": "Fort Lauderdale"
            },
            {
              "id": "1-4-8",
              "name": "Cape Coral"
            },
            {
              "id": "1-4-9",
              "name": "Hialeah"
            },
            {
              "id": "1-4-10",
              "name": "Port St. Lucie"
            }
          ]
        },
        {
          "id": "1-5",
          "name": "Illinois",
          "cities": [
            {
              "id": "1-5-1",
              "name": "Chicago"
            },
            {
              "id": "1-5-2",
              "name": "Aurora"
            },
            {
              "id": "1-5-3",
              "name": "Naperville"
            },
            {
              "id": "1-5-4",
              "name": "Springfield"
            },
            {
              "id": "1-5-5",
              "name": "Peoria"
            },
            {
              "id": "1-5-6",
              "name": "Rockford"
            },
            {
              "id": "1-5-7",
              "name": "Joliet"
            },
            {
              "id": "1-5-8",
              "name": "Elgin"
            },
            {
              "id": "1-5-9",
              "name": "Waukegan"
            },
            {
              "id": "1-5-10",
              "name": "Champaign"
            }
          ]
        },
        {
          "id": "1-6",
          "name": "Pennsylvania",
          "cities": [
            {
              "id": "1-6-1",
              "name": "Philadelphia"
            },
            {
              "id": "1-6-2",
              "name": "Pittsburgh"
            },
            {
              "id": "1-6-3",
              "name": "Allentown"
            },
            {
              "id": "1-6-4",
              "name": "Erie"
            },
            {
              "id": "1-6-5",
              "name": "Reading"
            },
            {
              "id": "1-6-6",
              "name": "Scranton"
            },
            {
              "id": "1-6-7",
              "name": "Bethlehem"
            },
            {
              "id": "1-6-8",
              "name": "Lancaster"
            },
            {
              "id": "1-6-9",
              "name": "Harrisburg"
            },
            {
              "id": "1-6-10",
              "name": "York"
            }
          ]
        },
        {
          "id": "1-7",
          "name": "Ohio",
          "cities": [
            {
              "id": "1-7-1",
              "name": "Columbus"
            },
            {
              "id": "1-7-2",
              "name": "Cleveland"
            },
            {
              "id": "1-7-3",
              "name": "Cincinnati"
            },
            {
              "id": "1-7-4",
              "name": "Toledo"
            },
            {
              "id": "1-7-5",
              "name": "Akron"
            },
            {
              "id": "1-7-6",
              "name": "Dayton"
            },
            {
              "id": "1-7-7",
              "name": "Canton"
            },
            {
              "id": "1-7-8",
              "name": "Youngstown"
            },
            {
              "id": "1-7-9",
              "name": "Lorain"
            },
            {
              "id": "1-7-10",
              "name": "Hamilton"
            }
          ]
        },
        {
          "id": "1-8",
          "name": "Georgia",
          "cities": [
            {
              "id": "1-8-1",
              "name": "Atlanta"
            },
            {
              "id": "1-8-2",
              "name": "Augusta"
            },
            {
              "id": "1-8-3",
              "name": "Columbus"
            },
            {
              "id": "1-8-4",
              "name": "Macon"
            },
            {
              "id": "1-8-5",
              "name": "Savannah"
            },
            {
              "id": "1-8-6",
              "name": "Athens"
            },
            {
              "id": "1-8-7",
              "name": "Roswell"
            },
            {
              "id": "1-8-8",
              "name": "Sandy Springs"
            },
            {
              "id": "1-8-9",
              "name": "Johns Creek"
            },
            {
              "id": "1-8-10",
              "name": "Warner Robins"
            }
          ]
        },
        {
          "id": "1-9",
          "name": "North Carolina",
          "cities": [
            {
              "id": "1-9-1",
              "name": "Charlotte"
            },
            {
              "id": "1-9-2",
              "name": "Raleigh"
            },
            {
              "id": "1-9-3",
              "name": "Greensboro"
            },
            {
              "id": "1-9-4",
              "name": "Durham"
            },
            {
              "id": "1-9-5",
              "name": "Winston-Salem"
            },
            {
              "id": "1-9-6",
              "name": "Fayetteville"
            },
            {
              "id": "1-9-7",
              "name": "Cary"
            },
            {
              "id": "1-9-8",
              "name": "High Point"
            },
            {
              "id": "1-9-9",
              "name": "Concord"
            },
            {
              "id": "1-9-10",
              "name": "Gastonia"
            }
          ]
        },
        {
          "id": "1-10",
          "name": "Michigan",
          "cities": [
            {
              "id": "1-10-1",
              "name": "Detroit"
            },
            {
              "id": "1-10-2",
              "name": "Grand Rapids"
            },
            {
              "id": "1-10-3",
              "name": "Warren"
            },
            {
              "id": "1-10-4",
              "name": "Sterling Heights"
            },
            {
              "id": "1-10-5",
              "name": "Ann Arbor"
            },
            {
              "id": "1-10-6",
              "name": "Lansing"
            },
            {
              "id": "1-10-7",
              "name": "Flint"
            },
            {
              "id": "1-10-8",
              "name": "Dearborn"
            },
            {
              "id": "1-10-9",
              "name": "Livonia"
            },
            {
              "id": "1-10-10",
              "name": "Westland"
            }
          ]
        }
      ]
    },
    {
      "id": "2",
      "name": "India",
      "states": [
        {
          "id": "2-1",
          "name": "Karnataka",
          "cities": [
            {
              "id": "2-1-1",
              "name": "Bangalore"
            },
            {
              "id": "2-1-2",
              "name": "Mysore"
            },
            {
              "id": "2-1-3",
              "name": "Hubli"
            },
            {
              "id": "2-1-4",
              "name": "Mangalore"
            },
            {
              "id": "2-1-5",
              "name": "Belgaum"
            },
            {
              "id": "2-1-6",
              "name": "Dharwad"
            },
            {
              "id": "2-1-7",
              "name": "Shimoga"
            },
            {
              "id": "2-1-8",
              "name": "Tumkur"
            },
            {
              "id": "2-1-9",
              "name": "Chitradurga"
            },
            {
              "id": "2-1-10",
              "name": "Kolar"
            }
          ]
        },
        {
          "id": "2-2",
          "name": "Maharashtra",
          "cities": [
            {
              "id": "2-2-1",
              "name": "Mumbai"
            },
            {
              "id": "2-2-2",
              "name": "Pune"
            },
            {
              "id": "2-2-3",
              "name": "Nagpur"
            },
            {
              "id": "2-2-4",
              "name": "Nashik"
            },
            {
              "id": "2-2-5",
              "name": "Thane"
            },
            {
              "id": "2-2-6",
              "name": "Aurangabad"
            },
            {
              "id": "2-2-7",
              "name": "Solapur"
            },
            {
              "id": "2-2-8",
              "name": "Kolhapur"
            },
            {
              "id": "2-2-9",
              "name": "Jalna"
            },
            {
              "id": "2-2-10",
              "name": "Akola"
            }
          ]
        },
        {
          "id": "2-3",
          "name": "Gujarat",
          "cities": [
            {
              "id": "2-3-1",
              "name": "Ahmedabad"
            },
            {
              "id": "2-3-2",
              "name": "Surat"
            },
            {
              "id": "2-3-3",
              "name": "Vadodara"
            },
            {
              "id": "2-3-4",
              "name": "Rajkot"
            },
            {
              "id": "2-3-5",
              "name": "Bhavnagar"
            },
            {
              "id": "2-3-6",
              "name": "Jamnagar"
            },
            {
              "id": "2-3-7",
              "name": "Junagadh"
            },
            {
              "id": "2-3-8",
              "name": "Gandhinagar"
            },
            {
              "id": "2-3-9",
              "name": "Anand"
            },
            {
              "id": "2-3-10",
              "name": "Nadiad"
            }
          ]
        },
        {
          "id": "2-4",
          "name": "Rajasthan",
          "cities": [
            {
              "id": "2-4-1",
              "name": "Jaipur"
            },
            {
              "id": "2-4-2",
              "name": "Jodhpur"
            },
            {
              "id": "2-4-3",
              "name": "Udaipur"
            },
            {
              "id": "2-4-4",
              "name": "Kota"
            },
            {
              "id": "2-4-5",
              "name": "Ajmer"
            },
            {
              "id": "2-4-6",
              "name": "Bikaner"
            },
            {
              "id": "2-4-7",
              "name": "Sikar"
            },
            {
              "id": "2-4-8",
              "name": "Tonk"
            },
            {
              "id": "2-4-9",
              "name": "Churu"
            },
            {
              "id": "2-4-10",
              "name": "Jhunjhunu"
            }
          ]
        },
        {
          "id": "2-5",
          "name": "Uttar Pradesh",
          "cities": [
            {
              "id": "2-5-1",
              "name": "Lucknow"
            },
            {
              "id": "2-5-2",
              "name": "Kanpur"
            },
            {
              "id": "2-5-3",
              "name": "Varanasi"
            },
            {
              "id": "2-5-4",
              "name": "Agra"
            },
            {
              "id": "2-5-5",
              "name": "Meerut"
            },
            {
              "id": "2-5-6",
              "name": "Ghaziabad"
            },
            {
              "id": "2-5-7",
              "name": "Noida"
            },
            {
              "id": "2-5-8",
              "name": "Aligarh"
            },
            {
              "id": "2-5-9",
              "name": "Bareilly"
            },
            {
              "id": "2-5-10",
              "name": "Moradabad"
            }
          ]
        },
        {
          "id": "2-6",
          "name": "Madhya Pradesh",
          "cities": [
            {
              "id": "2-6-1",
              "name": "Bhopal"
            },
            {
              "id": "2-6-2",
              "name": "Indore"
            },
            {
              "id": "2-6-3",
              "name": "Gwalior"
            },
            {
              "id": "2-6-4",
              "name": "Jabalpur"
            },
            {
              "id": "2-6-5",
              "name": "Ujjain"
            },
            {
              "id": "2-6-6",
              "name": "Sagar"
            },
            {
              "id": "2-6-7",
              "name": "Satna"
            },
            {
              "id": "2-6-8",
              "name": "Dewas"
            },
            {
              "id": "2-6-9",
              "name": "Khandwa"
            },
            {
              "id": "2-6-10",
              "name": "Chhindwara"
            }
          ]
        },
        {
          "id": "2-7",
          "name": "Tamil Nadu",
          "cities": [
            {
              "id": "2-7-1",
              "name": "Chennai"
            },
            {
              "id": "2-7-2",
              "name": "Coimbatore"
            },
            {
              "id": "2-7-3",
              "name": "Madurai"
            },
            {
              "id": "2-7-4",
              "name": "Tiruchirappalli"
            },
            {
              "id": "2-7-5",
              "name": "'Tirunelveli'"
            },
            {
              "id": "'2-7-6'",
              "'name'": "'Salem'"
            },
            {
              "'id'": "'2-7-7'",
              "'name'": "'Erode'"
            },
            {
              "'id'": "'2-7-8'",
              "'name'": "'Vellore'"
            },
            {
              "'id'": "'2-7-9'",
              "'name'": "'Thanjavur'"
            },
            {
              "'id'": "'2-7-10'",
              "'name'": "'Kanyakumari'"
            }
          ]
        },
        {
          "id": "2-8",
          "name": "Kerala",
          "cities": [
            {
              "id": "2-8-1",
              "name": "Thiruvananthapuram"
            },
            {
              "id": "2-8-2",
              "name": "Kochi"
            },
            {
              "id": "2-8-3",
              "name": "Kozhikode"
            },
            {
              "id": "2-8-4",
              "name": "Thrissur"
            },
            {
              "id": "2-8-5",
              "name": "Malappuram"
            },
            {
              "id": "2-8-6",
              "name": "Kollam"
            },
            {
              "id": "2-8-7",
              "name": "Palakkad"
            },
            {
              "id": "2-8-8",
              "name": "Idukki"
            },
            {
              "id": "2-8-9",
              "name": "Wayanad"
            },
            {
              "id": "2-8-10",
              "name": "Kottayam"
            }
          ]
        },
        {
          "id": "2-9",
          "name": "Telangana",
          "cities": [
            {
              "id": "2-9-1",
              "name": "Hyderabad"
            },
            {
              "id": "2-9-2",
              "name": "Warangal"
            },
            {
              "id": "2-9-3",
              "name": "Khammam"
            },
            {
              "id": "2-9-4",
              "name": "Nizamabad"
            },
            {
              "id": "2-9-5",
              "name": "Karimnagar"
            },
            {
              "id": "2-9-6",
              "name": "Mahbubnagar"
            },
            {
              "id": "2-9-7",
              "name": "Rangareddy"
            },
            {
              "id": "2-9-8",
              "name": "Medak"
            },
            {
              "id": "2-9-9",
              "name": "Adilabad"
            },
            {
              "id": "2-9-10",
              "name": "Nalgonda"
            }
          ]
        },
        {
          "id": "2-10",
          "name": "Andhra Pradesh",
          "cities": [
            {
              "id": "2-10-1",
              "name": "Visakhapatnam"
            },
            {
              "id": "2-10-2",
              "name": "Vijayawada"
            },
            {
              "id": "2-10-3",
              "name": "Guntur"
            },
            {
              "id": "2-10-4",
              "name": "Nellore"
            },
            {
              "id": "2-10-5",
              "name": "Tirupati"
            },
            {
              "id": "2-10-6",
              "name": "Kakinada"
            },
            {
              "id": "2-10-7",
              "name": "Rajahmundry"
            },
            {
              "id": "2-10-8",
              "name": "Kadapa"
            },
            {
              "id": "2-10-9",
              "name": "Chittoor"
            },
            {
              "id": "2-10-10",
              "name": "Anantapur"
            }
          ]
        }
      ]
    },
    {
      "id": "3",
      "name": "China",
      "states": [
        {
          "id": "3-1",
          "name": "Beijing",
          "cities": [
            {
              "id": "3-1-1",
              "name": "Dongcheng"
            },
            {
              "id": "3-1-2",
              "name": "Xicheng"
            },
            {
              "id": "3-1-3",
              "name": "Chaoyang"
            },
            {
              "id": "3-1-4",
              "name": "Haidian"
            },
            {
              "id": "3-1-5",
              "name": "Fengtai"
            },
            {
              "id": "3-1-6",
              "name": "Shijingshan"
            },
            {
              "id": "3-1-7",
              "name": "Tongzhou"
            },
            {
              "id": "3-1-8",
              "name": "Daxing"
            },
            {
              "id": "3-1-9",
              "name": "Changping"
            },
            {
              "id": "3-1-10",
              "name": "Shunyi"
            }
          ]
        },
        {
          "id": "3-2",
          "name": "Shanghai",
          "cities": [
            {
              "id": "3-2-1",
              "name": "Huangpu"
            },
            {
              "id": "3-2-2",
              "name": "Xuhui"
            },
            {
              "id": "3-2-3",
              "name": "Changning"
            },
            {
              "id": "3-2-4",
              "name": "Jing'an"
            },
            {
              "id": "3-2-5",
              "name": "Putuo"
            },
            {
              "id": "3-2-6",
              "name": "Yangpu"
            },
            {
              "id": "3-2-7",
              "name": "Minhang"
            },
            {
              "id": "3-2-8",
              "name": "Baoshan"
            },
            {
              "id": "3-2-9",
              "name": "Jiading"
            },
            {
              "id": "3-2-10",
              "name": "Pudong"
            }
          ]
        },
        {
          "id": "3-3",
          "name": "Guangdong",
          "cities": [
            {
              "id": "3-3-1",
              "name": "Guangzhou"
            },
            {
              "id": "3-3-2",
              "name": "Shenzhen"
            },
            {
              "id": "3-3-3",
              "name": "Dongguan"
            },
            {
              "id": "3-3-4",
              "name": "Foshan"
            },
            {
              "id": "3-3-5",
              "name": "Zhuhai"
            },
            {
              "id": "3-3-6",
              "name": "Shantou"
            },
            {
              "id": "3-3-7",
              "name": "Huizhou"
            },
            {
              "id": "3-3-8",
              "name": "Zhanjiang"
            },
            {
              "id": "3-3-9",
              "name": "Jiangmen"
            },
            {
              "id": "3-3-10",
              "name": "Yangjiang"
            }
          ]
        },
        {
          "id": "3-4",
          "name": "Zhejiang",
          "cities": [
            {
              "id": "3-4-1",
              "name": "Hangzhou"
            },
            {
              "id": "3-4-2",
              "name": "Ningbo"
            },
            {
              "id": "3-4-3",
              "name": "Wenzhou"
            },
            {
              "id": "3-4-4",
              "name": "Shaoxing"
            },
            {
              "id": "3-4-5",
              "name": "Jinhua"
            },
            {
              "id": "3-4-6",
              "name": "Huzhou"
            },
            {
              "id": "3-4-7",
              "name": "Quzhou"
            },
            {
              "id": "3-4-8",
              "name": "Zhoushan"
            },
            {
              "id": "3-4-9",
              "name": "Lishui"
            },
            {
              "id": "3-4-10",
              "name": "Taizhou"
            }
          ]
        },
        {
          "id": "3-5",
          "name": "Sichuan",
          "cities": [
            {
              "id": "3-5-1",
              "name": "Chengdu"
            },
            {
              "id": "3-5-2",
              "name": "Mianyang"
            },
            {
              "id": "3-5-3",
              "name": "Deyang"
            },
            {
              "id": "3-5-4",
              "name": "Luzhou"
            },
            {
              "id": "3-5-5",
              "name": "Nanchong"
            },
            {
              "id": "3-5-6",
              "name": "Yibin"
            },
            {
              "id": "3-5-7",
              "name": "Zigong"
            },
            {
              "id": "3-5-8",
              "name": "Panzhihua"
            },
            {
              "id": "3-5-9",
              "name": "Leshan"
            },
            {
              "id": "3-5-10",
              "name": "Guang'an"
            }
          ]
        },
        {
          "id": "3-6",
          "name": "Hunan",
          "cities": [
            {
              "id": "3-6-1",
              "name": "Changsha"
            },
            {
              "id": "3-6-2",
              "name": "Zhuzhou"
            },
            {
              "id": "3-6-3",
              "name": "Xiangtan"
            },
            {
              "id": "3-6-4",
              "name": "Yueyang"
            },
            {
              "id": "3-6-5",
              "name": "Changde"
            },
            {
              "id": "3-6-6",
              "name": "Hengyang"
            },
            {
              "id": "3-6-7",
              "name": "Shaoyang"
            },
            {
              "id": "3-6-8",
              "name": "Yiyang"
            },
            {
              "id": "3-6-9",
              "name": "Loudi"
            },
            {
              "id": "3-6-10",
              "name": "Zhangjiajie"
            }
          ]
        },
        {
          "id": "3-7",
          "name": "Jiangsu",
          "cities": [
            {
              "id": "3-7-1",
              "name": "Nanjing"
            },
            {
              "id": "3-7-2",
              "name": "Suzhou"
            },
            {
              "id": "3-7-3",
              "name": "Wuxi"
            },
            {
              "id": "3-7-4",
              "name": "Changzhou"
            },
            {
              "id": "3-7-5",
              "name": "Xuzhou"
            },
            {
              "id": "3-7-6",
              "name": "Nantong"
            },
            {
              "id": "3-7-7",
              "name": "Lianyungang"
            },
            {
              "id": "3-7-8",
              "name": "Yangzhou"
            },
            {
              "id": "3-7-9",
              "name": "Zhenjiang"
            },
            {
              "id": "3-7-10",
              "name": "Yancheng"
            }
          ]
        },
        {
          "id": "3-8",
          "name": "Shandong",
          "cities": [
            {
              "id": "3-8-1",
              "name": "Jinan"
            },
            {
              "id": "3-8-2",
              "name": "Qingdao"
            },
            {
              "id": "3-8-3",
              "name": "Yantai"
            },
            {
              "id": "3-8-4",
              "name": "Weifang"
            },
            {
              "id": "3-8-5",
              "name": "Zibo"
            },
            {
              "id": "3-8-6",
              "name": "Linyi"
            },
            {
              "id": "3-8-7",
              "name": "Dezhou"
            },
            {
              "id": "3-8-8",
              "name": "Liaocheng"
            },
            {
              "id": "3-8-9",
              "name": "Binzhou"
            },
            {
              "id": "3-8-10",
              "name": "Heze"
            }
          ]
        },
        {
          "id": "3-9",
          "name": "Henan",
          "cities": [
            {
              "id": "3-9-1",
              "name": "Zhengzhou"
            },
            {
              "id": "3-9-2",
              "name": "Luoyang"
            },
            {
              "id": "3-9-3",
              "name": "Kaifeng"
            },
            {
              "id": "3-9-4",
              "name": "Anyang"
            },
            {
              "id": "3-9-5",
              "name": "Xinxiang"
            },
            {
              "id": "3-9-6",
              "name": "Pingdingshan"
            },
            {
              "id": "3-9-7",
              "name": "Zhoukou"
            },
            {
              "id": "3-9-8",
              "name": "Xinyang"
            },
            {
              "id": "3-9-9",
              "name": "Nanyang"
            },
            {
              "id": "3-9-10",
              "name": "Puyang"
            }
          ]
        },
        {
          "id": "3-10",
          "name": "Anhui",
          "cities": [
            {
              "id": "3-10-1",
              "name": "Hefei"
            },
            {
              "id": "3-10-2",
              "name": "Wuhu"
            },
            {
              "id": "3-10-3",
              "name": "Bengbu"
            },
            {
              "id": "3-10-4",
              "name": "Anqing"
            },
            {
              "id": "3-10-5",
              "name": "Ma'anshan"
            },
            {
              "id": "3-10-6",
              "name": "Huangshan"
            },
            {
              "id": "3-10-7",
              "name": "Chuzhou"
            },
            {
              "id": "3-10-8",
              "name": "Fuyang"
            },
            {
              "id": "3-10-9",
              "name": "Chizhou"
            },
            {
              "id": "3-10-10",
              "name": "Xuancheng"
            }
          ]
        }
      ]
    },
    {
      "id": "4",
      "name": "Australia",
      "states": [
        {
          "id": "4-1",
          "name": "New South Wales",
          "cities": [
            {
              "id": "4-1-1",
              "name": "Sydney"
            },
            {
              "id": "4-1-2",
              "name": "Newcastle"
            },
            {
              "id": "4-1-3",
              "name": "Wollongong"
            },
            {
              "id": "4-1-4",
              "name": "Albury"
            },
            {
              "id": "4-1-5",
              "name": "Dubbo"
            },
            {
              "id": "4-1-6",
              "name": "Coffs Harbour"
            },
            {
              "id": "4-1-7",
              "name": "Maitland"
            },
            {
              "id": "4-1-8",
              "name": "Port Macquarie"
            },
            {
              "id": "4-1-9",
              "name": "Tamworth"
            },
            {
              "id": "4-1-10",
              "name": "Wagga Wagga"
            }
          ]
        },
        {
          "id": "4-2",
          "name": "Victoria",
          "cities": [
            {
              "id": "4-2-1",
              "name": "Melbourne"
            },
            {
              "id": "4-2-2",
              "name": "Geelong"
            },
            {
              "id": "4-2-3",
              "name": "Ballarat"
            },
            {
              "id": "4-2-4",
              "name": "Bendigo"
            },
            {
              "id": "4-2-5",
              "name": "Shepparton"
            },
            {
              "id": "4-2-6",
              "name": "Mildura"
            },
            {
              "id": "4-2-7",
              "name": "Wodonga"
            },
            {
              "id": "4-2-8",
              "name": "Warrnambool"
            },
            {
              "id": "4-2-9",
              "name": "Traralgon"
            },
            {
              "id": "4-2-10",
              "name": "Sale"
            }
          ]
        },
        {
          "id": "4-3",
          "name": "Queensland",
          "cities": [
            {
              "id": "4-3-1",
              "name": "Brisbane"
            },
            {
              "id": "4-3-2",
              "name": "Gold Coast"
            },
            {
              "id": "4-3-3",
              "name": "Cairns"
            },
            {
              "id": "4-3-4",
              "name": "Townsville"
            },
            {
              "id": "4-3-5",
              "name": "Toowoomba"
            },
            {
              "id": "4-3-6",
              "name": "Mackay"
            },
            {
              "id": "4-3-7",
              "name": "Rockhampton"
            },
            {
              "id": "4-3-8",
              "name": "Bundaberg"
            },
            {
              "id": "4-3-9",
              "name": "Maryborough"
            },
            {
              "id": "4-3-10",
              "name": "Hervey Bay"
            }
          ]
        },
        {
          "id": "4-4",
          "name": "Western Australia",
          "cities": [
            {
              "id": "4-4-1",
              "name": "Perth"
            },
            {
              "id": "4-4-2",
              "name": "Fremantle"
            },
            {
              "id": "4-4-3",
              "name": "Bunbury"
            },
            {
              "id": "4-4-4",
              "name": "Geraldton"
            },
            {
              "id": "4-4-5",
              "name": "Kalgoorlie"
            },
            {
              "id": "4-4-6",
              "name": "Albany"
            },
            {
              "id": "4-4-7",
              "name": "Broome"
            },
            {
              "id": "4-4-8",
              "name": "Karratha"
            },
            {
              "id": "4-4-9",
              "name": "Port Hedland"
            },
            {
              "id": "4-4-10",
              "name": "Mandurah"
            }
          ]
        },
        {
          "id": "4-5",
          "name": "South Australia",
          "cities": [
            {
              "id": "4-5-1",
              "name": "Adelaide"
            },
            {
              "id": "4-5-2",
              "name": "Mount Gambier"
            },
            {
              "id": "4-5-3",
              "name": "Whyalla"
            },
            {
              "id": "4-5-4",
              "name": "Port Augusta"
            },
            {
              "id": "4-5-5",
              "name": "Port Lincoln"
            },
            {
              "id": "4-5-6",
              "name": "Murray Bridge"
            },
            {
              "id": "4-5-7",
              "name": "Victor Harbor"
            },
            {
              "id": "4-5-8",
              "name": "Gawler"
            },
            {
              "id": "4-5-9",
              "name": "Mount Barker"
            },
            {
              "id": "4-5-10",
              "name": "Renmark"
            }
          ]
        },
        {
          "id": "4-6",
          "name": "Tasmania",
          "cities": [
            {
              "id": "4-6-1",
              "name": "Hobart"
            },
            {
              "id": "4-6-2",
              "name": "Launceston"
            },
            {
              "id": "4-6-3",
              "name": "Devonport"
            },
            {
              "id": "4-6-4",
              "name": "Burnie"
            },
            {
              "id": "4-6-5",
              "name": "Burnie"
            },
            {
              "id": "4-6-6",
              "name": "Kingston"
            },
            {
              "id": "4-6-7",
              "name": "Glenorchy"
            },
            {
              "id": "4-6-8",
              "name": "Clarence"
            },
            {
              "id": "4-6-9",
              "name": "Bicheno"
            },
            {
              "id": "4-6-10",
              "name": "Sorell"
            }
          ]
        },
        {
          "id": "4-7",
          "name": "Northern Territory",
          "cities": [
            {
              "id": "4-7-1",
              "name": "Darwin"
            },
            {
              "id": "4-7-2",
              "name": "Alice Springs"
            },
            {
              "id": "4-7-3",
              "name": "Katherine"
            },
            {
              "id": "4-7-4",
              "name": "Palmerston"
            },
            {
              "id": "4-7-5",
              "name": "Nhulunbuy"
            },
            {
              "id": "4-7-6",
              "name": "Tennant Creek"
            },
            {
              "id": "4-7-7",
              "name": "Yulara"
            },
            {
              "id": "4-7-8",
              "name": "Jabiru"
            },
            {
              "id": "4-7-9",
              "name": "Katherine East"
            },
            {
              "id": "4-7-10",
              "name": "Humpty Doo"
            }
          ]
        },
        {
          "id": "4-8",
          "name": "Australian Capital Territory",
          "cities": [
            {
              "id": "4-8-1",
              "name": "Canberra"
            },
            {
              "id": "4-8-2",
              "name": "Queanbeyan"
            },
            {
              "id": "4-8-3",
              "name": "Gungahlin"
            },
            {
              "id": "4-8-4",
              "name": "Belconnen"
            },
            {
              "id": "4-8-5",
              "name": "Woden Valley"
            },
            {
              "id": "4-8-6",
              "name": "Tuggeranong"
            },
            {
              "id": "4-8-7",
              "name": "Inner South"
            },
            {
              "id": "4-8-8",
              "name": "Molonglo Valley"
            },
            {
              "id": "4-8-9",
              "name": "North Canberra"
            },
            {
              "id": "4-8-10",
              "name": "South Canberra"
            }
          ]
        },
        {
          "id": "4-9",
          "name": "Victoria",
          "cities": [
            {
              "id": "4-9-1",
              "name": "Melbourne"
            },
            {
              "id": "4-9-2",
              "name": "Geelong"
            },
            {
              "id": "4-9-3",
              "name": "Ballarat"
            },
            {
              "id": "4-9-4",
              "name": "Bendigo"
            },
            {
              "id": "4-9-5",
              "name": "Shepparton"
            },
            {
              "id": "4-9-6",
              "name": "Mildura"
            },
            {
              "id": "4-9-7",
              "name": "Wodonga"
            },
            {
              "id": "4-9-8",
              "name": "Warrnambool"
            },
            {
              "id": "4-9-9",
              "name": "Traralgon"
            },
            {
              "id": "4-9-10",
              "name": "Sale"
            }
          ]
        },
        {
          "id": "4-10",
          "name": "Queensland",
          "cities": [
            {
              "id": "4-10-1",
              "name": "Brisbane"
            },
            {
              "id": "4-10-2",
              "name": "Gold Coast"
            },
            {
              "id": "4-10-3",
              "name": "Cairns"
            },
            {
              "id": "4-10-4",
              "name": "Townsville"
            },
            {
              "id": "4-10-5",
              "name": "Toowoomba"
            },
            {
              "id": "4-10-6",
              "name": "Mackay"
            },
            {
              "id": "4-10-7",
              "name": "Rockhampton"
            },
            {
              "id": "4-10-8",
              "name": "Bundaberg"
            },
            {
              "id": "4-10-9",
              "name": "'Maryborough'"
            },
            {
              "'id'": "'4-10-10'",
              "'name'": "'Hervey Bay'"
            }
          ]
        }
      ]
    },
    {
      "id": "5",
      "name": "Canada",
      "states": [
        {
          "id": "5-1",
          "name": "Ontario",
          "cities": [
            {
              "id": "5-1-1",
              "name": "Toronto"
            },
            {
              "id": "5-1-2",
              "name": "Ottawa"
            },
            {
              "id": "5-1-3",
              "name": "Mississauga"
            },
            {
              "id": "5-1-4",
              "name": "Brampton"
            },
            {
              "id": "5-1-5",
              "name": "Hamilton"
            },
            {
              "id": "5-1-6",
              "name": "London"
            },
            {
              "id": "5-1-7",
              "name": "Markham"
            },
            {
              "id": "5-1-8",
              "name": "Vaughan"
            },
            {
              "id": "5-1-9",
              "name": "Kitchener"
            },
            {
              "id": "5-1-10",
              "name": "Windsor"
            }
          ]
        },
        {
          "id": "5-2",
          "name": "British Columbia",
          "cities": [
            {
              "id": "5-2-1",
              "name": "Vancouver"
            },
            {
              "id": "5-2-2",
              "name": "Victoria"
            },
            {
              "id": "5-2-3",
              "name": "Surrey"
            },
            {
              "id": "5-2-4",
              "name": "Burnaby"
            },
            {
              "id": "5-2-5",
              "name": "Richmond"
            },
            {
              "id": "5-2-6",
              "name": "Abbotsford"
            },
            {
              "id": "5-2-7",
              "name": "Kamloops"
            },
            {
              "id": "5-2-8",
              "name": "Nanaimo"
            },
            {
              "id": "5-2-9",
              "name": "Chilliwack"
            },
            {
              "id": "5-2-10",
              "name": "Langley"
            }
          ]
        },
        {
          "id": "5-3",
          "name": "Quebec",
          "cities": [
            {
              "id": "5-3-1",
              "name": "Montreal"
            },
            {
              "id": "5-3-2",
              "name": "Quebec City"
            },
            {
              "id": "5-3-3",
              "name": "Laval"
            },
            {
              "id": "5-3-4",
              "name": "Gatineau"
            },
            {
              "id": "5-3-5",
              "name": "Longueuil"
            },
            {
              "id": "5-3-6",
              "name": "Sherbrooke"
            },
            {
              "id": "5-3-7",
              "name": "Saguenay"
            },
            {
              "id": "5-3-8",
              "name": "Trois-Rivières"
            },
            {
              "id": "5-3-9",
              "name": "Terrebonne"
            },
            {
              "id": "5-3-10",
              "name": "Saint-Jean-sur-Richelieu"
            }
          ]
        },
        {
          "id": "5-4",
          "name": "Alberta",
          "cities": [
            {
              "id": "5-4-1",
              "name": "Calgary"
            },
            {
              "id": "5-4-2",
              "name": "Edmonton"
            },
            {
              "id": "5-4-3",
              "name": "Red Deer"
            },
            {
              "id": "5-4-4",
              "name": "Lethbridge"
            },
            {
              "id": "5-4-5",
              "name": "St. Albert"
            },
            {
              "id": "5-4-6",
              "name": "Medicine Hat"
            },
            {
              "id": "5-4-7",
              "name": "Grande Prairie"
            },
            {
              "id": "5-4-8",
              "name": "Airdrie"
            },
            {
              "id": "5-4-9",
              "name": "Okotoks"
            },
            {
              "id": "5-4-10",
              "name": "Fort Saskatchewan"
            }
          ]
        },
        {
          "id": "5-5",
          "name": "Manitoba",
          "cities": [
            {
              "id": "5-5-1",
              "name": "Winnipeg"
            },
            {
              "id": "5-5-2",
              "name": "Brandon"
            },
            {
              "id": "5-5-3",
              "name": "Steinbach"
            },
            {
              "id": "5-5-4",
              "name": "Thompson"
            },
            {
              "id": "5-5-5",
              "name": "Portage la Prairie"
            },
            {
              "id": "5-5-6",
              "name": "Selkirk"
            },
            {
              "id": "5-5-7",
              "name": "Morden"
            },
            {
              "id": "5-5-8",
              "name": "Winkler"
            },
            {
              "id": "5-5-9",
              "name": "Dauphin"
            },
            {
              "id": "5-5-10",
              "name": "Flin Flon"
            }
          ]
        },
        {
          "id": "5-6",
          "name": "Nova Scotia",
          "cities": [
            {
              "id": "5-6-1",
              "name": "Halifax"
            },
            {
              "id": "5-6-2",
              "name": "Sydney"
            },
            {
              "id": "5-6-3",
              "name": "Dartmouth"
            },
            {
              "id": "5-6-4",
              "name": "Truro"
            },
            {
              "id": "5-6-5",
              "name": "New Glasgow"
            },
            {
              "id": "5-6-6",
              "name": "Bridgewater"
            },
            {
              "id": "5-6-7",
              "name": "Kentville"
            },
            {
              "id": "5-6-8",
              "name": "Amherst"
            },
            {
              "id": "5-6-9",
              "name": "Antigonish"
            },
            {
              "id": "5-6-10",
              "name": "Yarmouth"
            }
          ]
        },
        {
          "id": "5-7",
          "name": "New Brunswick",
          "cities": [
            {
              "id": "5-7-1",
              "name": "Fredericton"
            },
            {
              "id": "5-7-2",
              "name": "Moncton"
            },
            {
              "id": "5-7-3",
              "name": "Saint John"
            },
            {
              "id": "5-7-4",
              "name": "Dieppe"
            },
            {
              "id": "5-7-5",
              "name": "Miramichi"
            },
            {
              "id": "5-7-6",
              "name": "Bathurst"
            },
            {
              "id": "5-7-7",
              "name": "Edmundston"
            },
            {
              "id": "5-7-8",
              "name": "Campbellton"
            },
            {
              "id": "5-7-9",
              "name": "Rothesay"
            },
            {
              "id": "5-7-10",
              "name": "Quispamsis"
            }
          ]
        },
        {
          "id": "5-8",
          "name": "Prince Edward Island",
          "cities": [
            {
              "id": "5-8-1",
              "name": "Charlottetown"
            },
            {
              "id": "5-8-2",
              "name": "Summerside"
            },
            {
              "id": "5-8-3",
              "name": "Stratford"
            },
            {
              "id": "5-8-4",
              "name": "Cornwall"
            },
            {
              "id": "5-8-5",
              "name": "Montague"
            },
            {
              "id": "5-8-6",
              "name": "Souris"
            },
            {
              "id": "5-8-7",
              "name": "Borden-Carleton"
            },
            {
              "id": "5-8-8",
              "name": "Tignish"
            },
            {
              "id": "5-8-9",
              "name": "Morell"
            },
            {
              "id": "5-8-10",
              "name": "Georgetown"
            }
          ]
        },
        {
          "id": "5-9",
          "name": "Saskatchewan",
          "cities": [
            {
              "id": "5-9-1",
              "name": "Regina"
            },
            {
              "id": "5-9-2",
              "name": "Saskatoon"
            },
            {
              "id": "5-9-3",
              "name": "Prince Albert"
            },
            {
              "id": "5-9-4",
              "name": "Moose Jaw"
            },
            {
              "id": "5-9-5",
              "name": "Swift Current"
            },
            {
              "id": "5-9-6",
              "name": "Yorkton"
            },
            {
              "id": "5-9-7",
              "name": "North Battleford"
            },
            {
              "id": "5-9-8",
              "name": "Estevan"
            },
            {
              "id": "5-9-9",
              "name": "Warman"
            },
            {
              "id": "5-9-10",
              "name": "Martensville"
            }
          ]
        },
        {
          "id": "5-10",
          "name": "Newfoundland and Labrador",
          "cities": [
            {
              "id": "5-10-1",
              "name": "St. John's"
            },
            {
              "id": "5-10-2",
              "name": "Mount Pearl"
            },
            {
              "id": "5-10-3",
              "name": "Corner Brook"
            },
            {
              "id": "5-10-4",
              "name": "Gander"
            },
            {
              "id": "5-10-5",
              "name": "Grand Falls-Windsor"
            },
            {
              "id": "5-10-6",
              "name": "Labrador City"
            },
            {
              "id": "5-10-7",
              "name": "Happy Valley-Goose Bay"
            },
            {
              "id": "5-10-8",
              "name": "Stephenville"
            },
            {
              "id": "5-10-9",
              "name": "Clarenville"
            },
            {
              "id": "5-10-10",
              "name": "Bay Roberts"
            }
          ]
        }
      ]
    }
  ],
  "homeTypes": [
    {
      "id": "1",
      "name": "Home"
    },
    {
      "id": "2",
      "name": "Work"
    },
    {
      "id": "3",
      "name": "Office"
    },
    {
      "id": "3",
      "name": "Other"
    }
  ],
  "documents": [
    {
      "id": "1",
      "name": "Aadhar Card"
    },
    {
      "id": "2",
      "name": "PAN Card"
    },
    {
      "id": "3",
      "name": "Proof of Identity"
    },
    {
      "id": "4",
      "name": "Proof of Residency"
    },
    {
      "id": "5",
      "name": "Letter of Employment"
    },
    {
      "id": "6",
      "name": "Bank Reference Letter"
    }
  ],
  "admins": [
    {
      "id": "1",
      "name": "Riya",
      "password": "riyaadmin",
      "email": "riya@example.com"
    }
  ],
  "agents": [
    {
      "id": "1",
      "name": "Tigmanshu",
      "password": "agenttigmanshu",
      "email": "tigmanshu@example.com"
    },
    {
      "id": "2",
      "name": "Vijetha",
      "password": "agentvijetha",
      "email": "vijetha@example.com"
    },
    {
      "id": "3",
      "name": "Vaishnavi",
      "password": "agentvaishnavi",
      "email": "vaishnavi@example.com"
    },
    {
      "id": "4",
      "name": "Vidheesha",
      "password": "agentvidheesha",
      "email": "vidheesha@example.com"
    },
    {
      "id": "5",
      "name": "Sirisha",
      "password": "agentsirisha",
      "email": "sirisha@example.com"
    },
    {
      "id": "775f",
      "name": "Aman",
      "email": "aman@example.com",
      "password": "aman"
    },
    {
      "id": "16e8",
      "name": "Vaibhavi",
      "email": "vaibhavi@example.com",
      "password": "vaibhavi"
    }
  ],
  "users": [
    {
      "firstname": "Ritika",
      "middlename": "",
      "lastname": "Mehta",
      "email": "ritika@example.com",
      "password": "ritika1234",
      "addressType": "Home",
      "line1": "Ramnagar",
      "line2": "Varanasi",
      "line3": "",
      "country": "India",
      "state": "Uttar Pradesh",
      "city": "",
      "pincode": "2210088",
      "phone": "2345-678901",
      "documentType": "Proof of Identity",
      "documentNumber": "7890234",
      "aadharNumber": "123456789012",
      "panNumber": "QWERT5678Y",
      "id": "5132"
    },
    {
      "id": "23db",
      "firstname": "Himani",
      "middlename": "",
      "lastname": "Singh",
      "email": "himani@example.com",
      "password": "himani",
      "addressType": "Work",
      "line1": "Sultanpur, Ramnagar",
      "line2": "Varanasi",
      "line3": "",
      "country": "India",
      "state": "Uttar Pradesh",
      "city": "",
      "pincode": "2210088",
      "phone": "2345-678901",
      "documentType": "PAN Card",
      "documentNumber": "7890234",
      "aadharNumber": "234567890123",
      "panNumber": "ZXCVB9876U"
    },
    {
      "id": "a2c5",
      "firstname": "Radhika",
      "middlename": "",
      "lastname": "Sharma",
      "email": "radhika@example.com",
      "password": "radhika",
      "addressType": "Home",
      "line1": "Ganpati, Ramnagar",
      "line2": "Varanasi",
      "line3": "",
      "country": "India",
      "state": "Uttar Pradesh",
      "city": "",
      "pincode": "2210088",
      "phone": "2345-678901",
      "documentType": "Proof of Residency",
      "documentNumber": "7890234",
      "aadharNumber": "345678901234",
      "panNumber": "ASDFG5678H"
    },
    {
      "id": "0bda",
      "firstname": "Vaibhavi",
      "middlename": "",
      "lastname": "Chaurasia",
      "email": "chaurasia@example.com",
      "password": "chaurasiya",
      "addressType": "Office",
      "line1": "Chauk, Ramnagar",
      "line2": "Varanasi",
      "line3": "",
      "country": "India",
      "state": "Uttar Pradesh",
      "city": "",
      "pincode": "2210088",
      "phone": "2345-678901",
      "documentType": "Letter of Employment",
      "documentNumber": "7890234",
      "aadharNumber": "456789012345",
      "panNumber": "LKJHG5432P"
    },
    {
      "id": "2973",
      "firstname": "Rashmika",
      "middlename": "",
      "lastname": "Tiwari",
      "email": "rashmika@example.com",
      "password": "rashmika",
      "addressType": "Home",
      "line1": "3rd Street Ahemdabad",
      "line2": "Gujrat",
      "line3": "",
      "country": "India",
      "state": "Gujarat",
      "city": "",
      "pincode": "2233445",
      "phone": "2345-123456",
      "documentType": "Bank Reference Letter",
      "documentNumber": "123456",
      "aadharNumber": "567890123456",
      "panNumber": "POIUY6789T"
    },
    {
      "id": "077f",
      "firstname": "Trashika",
      "middlename": "",
      "lastname": "Goyal",
      "email": "trashika@example.com",
      "password": "trashika",
      "addressType": "Work",
      "line1": "Chauma, Vrindavan",
      "line2": "ghaziabad",
      "line3": "",
      "country": "India",
      "state": "Uttar Pradesh",
      "city": "",
      "pincode": "1122334",
      "phone": "1234-567890",
      "documentType": "Proof of Identity",
      "documentNumber": "123456",
      "aadharNumber": "678901234567",
      "panNumber": "MNBVC1234V"
    },
    {
      "id": "6c6e",
      "firstname": "Tanishka",
      "middlename": "",
      "lastname": "Tomar",
      "email": "tanishka@example.com",
      "password": "agentvijetha",
      "addressType": "Home",
      "line1": "7th street , Round Circle",
      "line2": "Rajasthan",
      "line3": "",
      "country": "India",
      "state": "Rajasthan",
      "city": "",
      "pincode": "1122335",
      "phone": "1122-334455",
      "documentType": "Aadhar Card",
      "documentNumber": "123455",
      "aadharNumber": "789012345678",
      "panNumber": "QAZWS8765L"
    },
    {
      "id": "US01",
      "firstname": "John",
      "middlename": "",
      "lastname": "Smith",
      "email": "john.smith@example.com",
      "password": "johnPass123",
      "addressType": "Home",
      "line1": "123 Elm Street",
      "line2": "Los Angeles",
      "line3": "",
      "country": "United States",
      "state": "California",
      "city": "Los Angeles",
      "pincode": "90001",
      "phone": "310-555-1234",
      "documentType": "Proof of Identity",
      "documentNumber": "ID123456789",
      "aadharNumber": "890123456789",
      "panNumber": "EDCRF5432G"
    },
    {
      "id": "IN01",
      "firstname": "Aarav",
      "middlename": "",
      "lastname": "Patel",
      "email": "aarav.patel@example.com",
      "password": "aaravSecure",
      "addressType": "Home",
      "line1": "456 MG Road",
      "line2": "Ahmedabad",
      "line3": "",
      "country": "India",
      "state": "Gujarat",
      "city": "Ahmedabad",
      "pincode": "380001",
      "phone": "079-555-6789",
      "documentType": "Aadhar Card",
      "documentNumber": "AADHAR123456",
      "aadharNumber": "901234567890",
      "panNumber": "RFVGT6789B"
    },
    {
      "id": "CN01",
      "firstname": "Li",
      "middlename": "",
      "lastname": "Wei",
      "email": "li.wei@example.cn",
      "password": "liWeiPass",
      "addressType": "Office",
      "line1": "789 Central Ave",
      "line2": "Dongcheng",
      "line3": "",
      "country": "China",
      "state": "Beijing",
      "city": "Dongcheng",
      "pincode": "100010",
      "phone": "010-5555-4321",
      "documentType": "Proof of Identity",
      "documentNumber": "PID987654",
      "aadharNumber": "012345678901",
      "panNumber": "TGBNH5432M"
    },
    {
      "id": "AU01",
      "firstname": "Chloe",
      "middlename": "",
      "lastname": "Wilson",
      "email": "chloe.wilson@example.com.au",
      "password": "chloeAussie",
      "addressType": "Work",
      "line1": "321 Harbour Bridge",
      "line2": "Sydney",
      "line3": "",
      "country": "Australia",
      "state": "New South Wales",
      "city": "Sydney",
      "pincode": "2000",
      "phone": "02-5550-1234",
      "documentType": "Proof of Residency",
      "documentNumber": "RES321654",
      "aadharNumber": "112345678902",
      "panNumber": "YHNBG6789K"
    },
    {
      "id": "CA01",
      "firstname": "Emma",
      "middlename": "",
      "lastname": "Brown",
      "email": "emma.brown@example.ca",
      "password": "emmaCanada",
      "addressType": "Home",
      "line1": "987 Queen Street",
      "line2": "Toronto",
      "line3": "",
      "country": "Canada",
      "state": "Ontario",
      "city": "Toronto",
      "pincode": "M5V1J4",
      "phone": "416-555-9876",
      "documentType": "Bank Reference Letter",
      "documentNumber": "BRL654321",
      "aadharNumber": "122345678903",
      "panNumber": "UJMIK5432O"
    },
    {
      "id": "2b43",
      "firstname": "Rishita",
      "middlename": "",
      "lastname": "Singh",
      "email": "rishita@example.com",
      "password": "rishita1234",
      "addressType": "Home",
      "line1": "Kodopur ",
      "line2": "Janakpuri Colony, Ramnagar",
      "line3": "",
      "country": "India",
      "state": "Uttar Pradesh",
      "city": "",
      "pincode": "2210088",
      "phone": "1234-123456",
      "documentType": "PAN Card",
      "documentNumber": "123456",
      "aadharNumber": "112233445566",
      "panNumber": "ASDFS1234D"
    }
  ],
  "contactus": [
    {
      "id": "1",
      "name": "John Doe",
      "email": "john@example.com",
      "message": "Hello, I need help with my account."
    },
    {
      "id": "2384",
      "name": "Ram",
      "email": "ram@example.com",
      "message": "I want to open a new salaried account\n"
    },
    {
      "id": "a8fd",
      "name": "Gaurav",
      "email": "gaurav@example.com",
      "message": "hello."
    },
    {
      "id": "95a8",
      "name": "Aman",
      "email": "aman@example.com",
      "message": "I want to invest my money in better place."
    },
    {
      "id": "5bd9",
      "name": "Aman",
      "email": "aman@example.com",
      "message": "Hello"
    }
  ]
}